Date,Mark Minervini,William O'Neil,Jesse Livermore,Steve Burns,50 檔平均持有,加權指數
2013-02-24,1.0045,1.0,1.0051,1.0056,1.0037,1.0052
2013-03-03,1.015,1.0,1.0124,1.0133,1.0082,1.0073
2013-03-10,1.0326,1.0,1.0303,1.0263,1.0204,1.0137
2013-03-17,1.0226,0.9934,1.0206,1.0184,1.0092,1.0026
2013-03-24,1.0111,0.979,1.0147,1.0062,0.9962,0.986
2013-03-31,1.0272,0.972,1.0396,1.0239,1.0125,1.0015
2013-04-07,1.0374,0.9956,1.0425,1.0306,1.0159,1.0045
2013-04-14,1.027,1.0008,1.0302,1.0153,0.9986,0.9892
2013-04-21,1.0298,0.9978,1.0238,1.0219,1.0044,1.0031
2013-04-28,1.0456,1.013,1.0317,1.034,1.0176,1.0146
2013-05-05,1.071,1.0447,1.0527,1.0569,1.0336,1.0289
2013-05-12,1.0788,1.0344,1.076,1.0687,1.0488,1.0473
2013-05-19,1.0976,1.0457,1.0949,1.0898,1.0663,1.0584
2013-05-26,1.0662,0.9994,1.0646,1.0616,1.0445,1.0383
2013-06-02,1.0867,1.0428,1.0803,1.0766,1.0554,1.044
2013-06-09,1.0511,0.9924,1.0112,1.0472,1.0275,1.0238
2013-06-16,1.0321,0.9586,0.9941,1.0327,1.0111,1.0039
2013-06-23,1.0116,0.9734,0.9846,1.0164,0.9933,0.9857
2013-06-30,1.0446,0.9734,1.0049,1.0544,1.0351,1.0197
2013-07-07,1.0567,0.9734,0.9988,1.0534,1.0396,1.012
2013-07-14,1.0776,0.9734,1.0094,1.0881,1.0733,1.0397
2013-07-21,1.0581,0.9455,1.0059,1.0737,1.0635,1.0197
2013-07-28,1.0669,0.8937,1.0145,1.0883,1.0803,1.0307
2013-08-04,1.0731,0.9035,1.0122,1.0936,1.0807,1.0244
2013-08-11,1.0289,0.8897,0.962,1.0519,1.0416,0.9936
2013-08-18,1.0406,0.8897,0.9671,1.0623,1.0585,1.0023
2013-08-25,1.0415,0.8897,0.9766,1.0558,1.0553,0.9958
2013-09-01,1.0554,0.8897,0.9776,1.0725,1.0759,1.0146
2013-09-08,1.0714,0.8986,0.9817,1.0878,1.0984,1.0326
2013-09-15,1.0762,0.9045,0.9798,1.0902,1.1037,1.0331
2013-09-22,1.0838,0.9082,0.9843,1.0984,1.1117,1.0383
2013-09-29,1.0893,0.8972,0.9769,1.1023,1.1126,1.041
2013-10-06,1.1163,0.9309,0.993,1.1221,1.1267,1.0579
2013-10-13,1.1251,0.9256,0.9964,1.1203,1.1182,1.056
2013-10-20,1.1272,0.9213,0.9988,1.1291,1.1333,1.0676
2013-10-27,1.1175,0.9125,0.9791,1.1144,1.1197,1.0556
2013-11-03,1.1186,0.907,0.9724,1.1159,1.1245,1.0609
2013-11-10,1.1185,0.888,0.9676,1.1101,1.1144,1.0408
2013-11-17,1.1058,0.8826,0.9287,1.1008,1.1052,1.0342
2013-11-24,1.1179,0.8826,0.929,1.1027,1.1012,1.0266
2013-12-01,1.1826,0.8826,0.9807,1.1541,1.1522,1.0633
2013-12-08,1.1908,0.8805,0.9801,1.1536,1.1521,1.0583
2013-12-15,1.1985,0.8827,0.9809,1.1663,1.1571,1.0595
2013-12-22,1.1988,0.8729,0.9831,1.1678,1.1606,1.0635
2013-12-29,1.2036,0.8801,0.9881,1.1777,1.1754,1.0795
2014-01-05,1.2068,0.9088,0.9957,1.1827,1.1797,1.0809
2014-01-12,1.1878,0.8889,0.9977,1.1751,1.18,1.0788
2014-01-19,1.2051,0.8815,1.0002,1.1922,1.1942,1.0872
2014-01-26,1.204,0.8863,1.0037,1.1971,1.1965,1.0875
2014-02-02,1.185,0.8712,0.9865,1.1766,1.1779,1.0703
2014-02-09,1.1782,0.8538,0.9798,1.1657,1.1684,1.0608
2014-02-16,1.1935,0.8397,0.976,1.184,1.1863,1.0768
2014-02-23,1.2288,0.8689,0.9971,1.2098,1.2072,1.0879
2014-03-02,1.2521,0.8951,1.0146,1.2158,1.2134,1.0927
2014-03-09,1.2813,0.9206,1.0187,1.2249,1.2218,1.1021
2014-03-16,1.2862,0.9097,1.0225,1.2167,1.2166,1.0988
2014-03-23,1.2505,0.8907,0.9918,1.1938,1.2019,1.0848
2014-03-30,1.2917,0.8845,1.0137,1.2248,1.2341,1.1098
2014-04-06,1.3141,0.9124,1.026,1.2405,1.2477,1.1242
2014-04-13,1.3175,0.8881,1.0252,1.2493,1.2579,1.1267
2014-04-20,1.321,0.8918,1.0331,1.2527,1.2643,1.1341
2014-04-27,1.3132,0.886,1.0226,1.2356,1.2448,1.1097
2014-05-04,1.3358,0.9188,1.0347,1.2524,1.2602,1.1215
2014-05-11,1.3425,0.9457,1.0318,1.2586,1.2665,1.1243
2014-05-18,1.3536,0.9196,1.0416,1.2736,1.2785,1.1242
2014-05-25,1.3932,0.9433,1.0603,1.2979,1.3011,1.1393
2014-06-01,1.4116,0.9362,1.0731,1.3174,1.3174,1.1479
2014-06-08,1.4358,0.9961,1.0784,1.3312,1.3271,1.1553
2014-06-15,1.443,0.9953,1.0907,1.3457,1.3428,1.1631
2014-06-22,1.4652,1.0337,1.0943,1.3602,1.356,1.1729
2014-06-29,1.4686,1.0603,1.1028,1.3664,1.3616,1.1771
2014-07-06,1.5151,1.073,1.1204,1.4014,1.393,1.2028
2014-07-13,1.5026,1.1214,1.1272,1.4011,1.3973,1.201
2014-07-20,1.497,1.0698,1.1326,1.4039,1.4055,1.189
2014-07-27,1.5068,1.0966,1.1449,1.4172,1.4186,1.1938
2014-08-03,1.4726,1.0448,1.1249,1.3917,1.3967,1.172
2014-08-10,1.4612,1.0423,1.0952,1.377,1.3808,1.1492
2014-08-17,1.5154,1.0423,1.1562,1.4111,1.4129,1.1644
2014-08-24,1.5444,1.0423,1.1696,1.4483,1.4512,1.1864
2014-08-31,1.5651,1.0216,1.1778,1.4582,1.4634,1.1935
2014-09-07,1.5534,1.0239,1.1691,1.4474,1.4527,1.1899
2014-09-14,1.5111,1.0593,1.1434,1.4167,1.4238,1.1665
2014-09-21,1.5146,1.0593,1.0992,1.4173,1.4263,1.1687
2014-09-28,1.4477,1.0593,1.0667,1.3704,1.3829,1.137
2014-10-05,1.489,1.0593,1.1465,1.3938,1.4036,1.1517
2014-10-12,1.4699,1.0593,1.0958,1.3827,1.3905,1.134
2014-10-19,1.356,1.0593,1.0827,1.3136,1.3221,1.0767
2014-10-26,1.3867,1.0593,1.0452,1.3333,1.3466,1.0935
2014-11-02,1.4398,1.0593,1.0794,1.3803,1.3977,1.1351
2014-11-09,1.4202,1.0593,1.0771,1.3664,1.3833,1.1272
2014-11-16,1.4643,1.0593,1.1013,1.3839,1.3959,1.1361
2014-11-23,1.5052,1.0524,1.1042,1.4017,1.4152,1.1499
2014-11-30,1.5238,1.0725,1.1137,1.416,1.4345,1.162
2014-12-07,1.5232,1.059,1.1108,1.4154,1.4394,1.1644
2014-12-14,1.4933,1.0058,1.0806,1.3863,1.4104,1.1417
2014-12-21,1.4807,1.0058,1.1073,1.389,1.4094,1.1382
2014-12-28,1.4894,1.009,1.1203,1.4104,1.4373,1.1654
2015-01-04,1.5146,1.0231,1.1218,1.4278,1.4541,1.1771
2015-01-11,1.498,1.0019,1.1228,1.4172,1.4477,1.1655
2015-01-18,1.4817,0.9827,1.1251,1.4065,1.4321,1.1558
2015-01-25,1.5377,1.0554,1.1466,1.4522,1.4782,1.1978
2015-02-01,1.5326,1.0585,1.1288,1.4423,1.4616,1.1841
2015-02-08,1.543,1.0366,1.1393,1.4525,1.4736,1.196
2015-02-15,1.5736,1.0705,1.149,1.4694,1.4829,1.2053
2015-02-22,,,,,,
2015-03-01,1.5851,1.0865,1.1573,1.4779,1.4944,1.217
2015-03-08,1.6043,1.0908,1.1584,1.4864,1.5018,1.22
2015-03-15,1.6099,1.0912,1.1539,1.4864,1.4919,1.2116
2015-03-22,1.6412,1.1158,1.1708,1.5093,1.5074,1.2331
2015-03-29,1.5821,1.0869,1.1346,1.464,1.4748,1.202
2015-04-05,1.6182,1.0888,1.1294,1.4907,1.4917,1.2142
2015-04-12,1.585,1.0396,1.1388,1.4734,1.4845,1.2164
2015-04-19,1.5928,1.061,1.1464,1.4785,1.4871,1.2105
2015-04-26,1.6342,1.1717,1.2022,1.5343,1.5332,1.2538
2015-05-03,1.637,1.1672,1.2004,1.5316,1.523,1.242
2015-05-10,1.6155,1.1428,1.1803,1.51,1.4974,1.2258
2015-05-17,1.5773,1.1207,1.1551,1.4848,1.4816,1.2116
2015-05-24,1.5958,1.1263,1.1881,1.4927,1.48,1.2191
2015-05-31,1.6078,1.1263,1.1936,1.4996,1.4865,1.227
2015-06-07,1.5609,1.1263,1.1644,1.4605,1.4382,1.1813
2015-06-14,1.5408,1.1263,1.0151,1.4467,1.4142,1.1765
2015-06-21,1.5333,1.1263,1.0151,1.4313,1.4111,1.1659
2015-06-28,1.6002,1.1263,1.0151,1.4931,1.4551,1.1968
2015-07-05,1.6193,1.1263,1.065,1.4957,1.4589,1.1836
2015-07-12,1.5335,1.1263,1.032,1.4315,1.3959,1.1274
2015-07-19,1.5839,1.1263,1.0235,1.4736,1.4307,1.1289
2015-07-26,1.5269,1.1263,0.9831,1.4423,1.3939,1.0942
2015-08-02,1.514,1.1263,0.9658,1.4315,1.3757,1.0814
2015-08-09,1.5063,1.1263,0.9643,1.4272,1.3547,1.0536
2015-08-16,1.5063,1.1263,0.9648,1.3989,1.3499,1.0365
2015-08-23,1.4269,1.1263,0.9278,1.3328,1.2561,0.9718
2015-08-30,1.4474,1.1263,0.9496,1.3584,1.3007,1.0008
2015-09-06,1.4489,1.1263,0.9325,1.3369,1.2987,0.9985
2015-09-13,1.4949,1.1263,0.9512,1.3717,1.3615,1.0366
2015-09-20,1.4582,1.1263,0.9583,1.3682,1.3839,1.0561
2015-09-27,1.423,1.1263,0.9199,1.3334,1.3191,1.0149
2015-10-04,1.4529,1.1263,0.9201,1.3562,1.3455,1.0303
2015-10-11,1.4353,1.1263,0.9144,1.3573,1.3696,1.0477
2015-10-18,1.4299,1.1263,0.9416,1.338,1.4064,1.0675
2015-10-25,1.4542,1.1263,0.94,1.3622,1.4135,1.076
2015-11-01,1.4607,1.1263,0.9319,1.3547,1.3918,1.0612
2015-11-08,1.5147,1.1263,0.9391,1.3848,1.4228,1.0785
2015-11-15,1.4685,1.1263,0.8888,1.3402,1.3619,1.0333
2015-11-22,1.5165,1.1263,0.8869,1.3826,1.3793,1.0502
2015-11-29,1.5178,1.1263,0.8925,1.3765,1.3709,1.0418
2015-12-06,1.5762,1.1263,0.9627,1.4135,1.3838,1.0419
2015-12-13,1.4598,1.1263,0.9278,1.3529,1.3355,1.0068
2015-12-20,1.5367,1.1263,0.9749,1.4143,1.3612,1.0243
2015-12-27,1.4994,1.1263,0.9575,1.4121,1.3746,1.0375
2016-01-03,1.4813,1.1263,0.9377,1.4045,1.363,1.0344
2016-01-10,1.4441,1.1263,0.9106,1.3618,1.2982,0.9793
2016-01-17,1.3553,1.1263,0.8731,1.3127,1.2575,0.9629
2016-01-24,1.4302,1.1263,0.831,1.3508,1.26,0.9622
2016-01-31,1.4459,1.1263,0.8591,1.3941,1.3309,1.0024
2016-02-07,1.4301,1.1263,0.8525,1.3906,1.3247,1.0002
2016-02-14,,,,,,
2016-02-21,1.4258,1.1263,0.8838,1.4192,1.3751,1.0327
2016-02-28,1.4188,1.1263,0.8934,1.4289,1.394,1.0434
2016-03-06,1.4592,1.1263,0.9155,1.4469,1.4285,1.0723
2016-03-13,1.4529,1.1295,0.9069,1.4407,1.428,1.08
2016-03-20,1.4593,1.1036,0.9119,1.4508,1.4368,1.093
2016-03-27,1.4582,1.1924,0.8959,1.4306,1.417,1.0799
2016-04-03,1.4578,1.1327,0.8856,1.4295,1.4128,1.074
2016-04-10,1.4443,1.1198,0.8525,1.414,1.3882,1.0596
2016-04-17,1.4608,1.0068,0.8904,1.4389,1.4266,1.0793
2016-04-24,1.4203,0.968,0.877,1.4075,1.3967,1.0589
2016-05-01,1.4214,0.9652,0.8557,1.4055,1.3858,1.0393
2016-05-08,1.3908,0.9652,0.8337,1.3694,1.3386,1.0106
2016-05-15,1.4226,0.9652,0.8427,1.3886,1.3318,0.9991
2016-05-22,1.4467,0.9652,0.8537,1.4113,1.3425,1.0087
2016-05-29,1.4739,0.9652,0.8633,1.4491,1.3998,1.0499
2016-06-05,1.4975,0.9628,0.8759,1.4717,1.4177,1.0653
2016-06-12,1.5282,0.9858,0.892,1.5013,1.4433,1.0812
2016-06-19,1.5287,1.0037,0.8787,1.4844,1.4281,1.0629
2016-06-26,1.505,0.9773,0.864,1.4649,1.4138,1.0516
2016-07-03,1.5632,1.0143,0.8941,1.5174,1.462,1.084
2016-07-10,1.5733,1.0341,0.8925,1.5188,1.4576,1.0719
2016-07-17,1.6483,1.0929,0.927,1.5898,1.5255,1.1103
2016-07-24,1.6571,1.1276,0.9318,1.5944,1.5375,1.1181
2016-07-31,1.663,1.1955,0.9301,1.5989,1.5395,1.1145
2016-08-07,1.6876,1.1868,0.9414,1.6208,1.5545,1.1279
2016-08-14,1.7043,1.1365,0.9523,1.6424,1.5737,1.1351
2016-08-21,1.6835,1.1837,0.9457,1.6297,1.5637,1.1207
2016-08-28,1.6944,1.1793,0.9495,1.6449,1.5821,1.1328
2016-09-04,1.6582,1.1318,0.9391,1.6171,1.5642,1.1149
2016-09-11,1.6979,1.1831,0.9538,1.6444,1.594,1.1369
2016-09-18,1.6243,1.1388,0.9149,1.5901,1.5434,1.1044
2016-09-25,1.6796,1.1355,0.9333,1.6431,1.5995,1.1518
2016-10-02,1.6525,1.1036,0.9084,1.6283,1.5849,1.1278
2016-10-09,1.6681,1.1326,0.9152,1.6338,1.5921,1.14
2016-10-16,1.6425,1.1039,0.898,1.6158,1.5699,1.1276
2016-10-23,1.6585,1.1174,0.9149,1.6315,1.5911,1.145
2016-10-30,1.6752,1.0488,0.9175,1.6377,1.5946,1.145
2016-11-06,1.6209,1.0536,0.8886,1.5977,1.5564,1.1157
2016-11-13,1.5913,1.0088,0.8967,1.573,1.5319,1.1021
2016-11-20,1.6024,1.0004,0.9096,1.5813,1.5512,1.1084
2016-11-27,1.6378,1.0004,0.924,1.6094,1.574,1.1269
2016-12-04,1.6396,0.9881,0.9308,1.6142,1.5768,1.1306
2016-12-11,1.6791,0.9914,0.9463,1.6538,1.6096,1.1556
2016-12-18,1.66,0.9868,0.9441,1.6389,1.5938,1.1475
2016-12-25,1.6105,0.9446,0.9161,1.6036,1.5626,1.117
2017-01-01,1.6496,0.9485,0.9363,1.6448,1.5978,1.1385
2017-01-08,1.6787,0.9605,0.9602,1.6651,1.6234,1.1531
2017-01-15,1.6868,0.9536,0.979,1.6817,1.6429,1.1539
2017-01-22,1.6594,0.9177,0.9774,1.6632,1.6263,1.1481
2017-01-29,1.6796,0.9245,0.9989,1.6814,1.644,1.1624
2017-02-05,1.6886,0.9232,1.011,1.6858,1.6504,1.1633
2017-02-12,1.7314,0.9313,1.0352,1.7422,1.6962,1.1892
2017-02-19,1.7202,0.9192,1.0331,1.7451,1.7049,1.2008
2017-02-26,1.7095,0.908,1.0331,1.7441,1.7126,1.1996
2017-03-05,1.7058,0.9312,1.0212,1.7366,1.704,1.187
2017-03-12,1.7274,0.9345,1.0301,1.7449,1.7109,1.1845
2017-03-19,1.7794,0.9605,1.0561,1.7907,1.7598,1.2191
2017-03-26,1.7712,0.9718,1.054,1.7891,1.7599,1.2184
2017-04-02,1.7622,0.9706,1.0541,1.7865,1.7553,1.2071
2017-04-09,1.7776,0.9867,1.0634,1.7982,1.7679,1.2147
2017-04-16,1.7551,0.9696,1.0465,1.7743,1.7463,1.1975
2017-04-23,1.7685,0.9516,1.0645,1.7781,1.7501,1.1955
2017-04-30,1.8211,0.9632,1.0972,1.8134,1.7785,1.2146
2017-05-07,1.8178,0.9153,1.0942,1.8158,1.7807,1.218
2017-05-14,1.8057,0.8965,1.0767,1.8114,1.7785,1.2287
2017-05-21,1.8038,0.8679,1.066,1.8088,1.7802,1.2239
2017-05-28,1.8189,0.878,1.0805,1.8313,1.8073,1.2429
2017-06-04,1.8324,0.8932,1.0847,1.8374,1.814,1.2491
2017-06-11,1.8543,0.9254,1.0863,1.8479,1.8268,1.2549
2017-06-18,1.8452,0.952,1.0709,1.839,1.8193,1.2496
2017-06-25,1.9094,0.9864,1.0856,1.8833,1.8598,1.2768
2017-07-02,1.9208,0.9642,1.0972,1.9061,1.8832,1.2789
2017-07-09,1.9048,0.9548,1.0904,1.898,1.875,1.2669
2017-07-16,1.9629,0.9944,1.1073,1.9377,1.9158,1.2849
2017-07-23,1.9934,1.0773,1.1181,1.9523,1.9298,1.284
2017-07-30,2.0169,1.0903,1.1195,1.9587,1.9377,1.2824
2017-08-06,2.0411,1.0659,1.1358,1.9763,1.9548,1.2926
2017-08-13,1.9782,1.0389,1.0971,1.9361,1.9155,1.2709
2017-08-20,2.0081,1.0358,1.1206,1.9443,1.923,1.2698
2017-08-27,2.068,1.0358,1.143,1.9862,1.959,1.2937
2017-09-03,2.0915,1.0294,1.1502,2.0098,1.9842,1.3035
2017-09-10,2.1002,1.0259,1.1658,2.0141,1.9836,1.3054
2017-09-17,2.0769,0.9718,1.1509,1.9972,1.9697,1.3017
2017-09-24,2.0523,0.9771,1.1384,1.9757,1.9526,1.2856
2017-10-01,2.0159,0.9742,1.118,1.9562,1.9369,1.2709
2017-10-08,2.0968,0.9742,1.1992,2.0,1.9748,1.2959
2017-10-15,2.1502,0.9414,1.2398,2.0294,1.9958,1.3194
2017-10-22,2.1164,0.9671,1.2186,2.0199,1.9905,1.32
2017-10-29,2.1171,0.9671,1.2418,2.0263,1.9991,1.3176
2017-11-05,2.154,0.8729,1.2696,2.0528,2.0135,1.3288
2017-11-12,2.1529,0.8874,1.2733,2.0526,2.0058,1.3205
2017-11-19,2.1462,0.918,1.2641,2.0448,1.9968,1.3166
2017-11-26,2.209,0.9786,1.2891,2.0844,2.0317,1.3354
2017-12-03,2.1776,0.953,1.2761,2.0605,2.0017,1.3042
2017-12-10,2.1191,0.9086,1.2431,2.0158,1.9645,1.2794
2017-12-17,2.1325,0.9086,1.2616,2.0418,1.9855,1.2908
2017-12-24,2.1507,0.9086,1.2659,2.0631,2.0115,1.2964
2017-12-31,2.1738,0.9086,1.2689,2.0812,2.032,1.3094
2018-01-07,2.2755,0.9139,1.3086,2.1537,2.0837,1.3386
2018-01-14,2.2515,0.8692,1.3162,2.1571,2.1014,1.3391
2018-01-21,2.308,0.8879,1.332,2.2012,2.139,1.3719
2018-01-28,2.3284,0.9026,1.3398,2.2187,2.1619,1.3714
2018-02-04,2.3229,0.9338,1.3265,2.2128,2.1632,1.3689
2018-02-11,2.1267,0.8395,1.1659,2.0673,2.0296,1.2761
2018-02-18,2.1185,0.8395,1.1506,2.0687,2.0291,1.2821
2018-02-25,2.2708,0.8395,1.1694,2.1593,2.1147,1.3281
2018-03-04,2.2644,0.8003,1.1226,2.1548,2.0996,1.3162
2018-03-11,2.3066,0.7957,1.1011,2.1816,2.1261,1.3367
2018-03-18,2.3572,0.805,1.1233,2.2303,2.1614,1.3568
2018-03-25,2.3277,0.8059,1.1156,2.2079,2.1282,1.3316
2018-04-01,2.3259,0.7922,1.1188,2.22,2.1357,1.3418
2018-04-08,2.2984,0.7922,1.1088,2.2002,2.1132,1.3314
2018-04-15,2.3702,0.7957,1.1331,2.2596,2.1541,1.3491
2018-04-22,2.3653,0.7844,1.1391,2.2508,2.1506,1.3262
2018-04-29,2.3228,0.7408,1.1276,2.2318,2.1084,1.2984
2018-05-06,2.3286,0.7408,1.1217,2.2235,2.1124,1.2954
2018-05-13,2.4141,0.7408,1.166,2.2951,2.1828,1.336
2018-05-20,2.4618,0.7682,1.1783,2.3212,2.2105,1.3325
2018-05-27,2.4773,0.7659,1.1863,2.3363,2.2357,1.3462
2018-06-03,2.4647,0.7521,1.1795,2.3238,2.2387,1.3471
2018-06-10,2.5639,0.818,1.2334,2.3837,2.298,1.3726
2018-06-17,2.5263,0.775,1.21,2.3548,2.279,1.3641
2018-06-24,2.4474,0.7298,1.1432,2.3215,2.2358,1.341
2018-07-01,2.4589,0.73,1.1409,2.3353,2.2273,1.3333
2018-07-08,2.4428,0.73,1.1225,2.3099,2.1916,1.3052
2018-07-15,2.5251,0.73,1.159,2.3725,2.2676,1.3367
2018-07-22,2.4905,0.73,1.1534,2.3617,2.2723,1.345
2018-07-29,2.521,0.73,1.1611,2.4002,2.3194,1.3627
2018-08-05,2.4705,0.7612,1.161,2.3939,2.3189,1.3549
2018-08-12,2.4965,0.745,1.1767,2.4109,2.3363,1.3513
2018-08-19,2.4692,0.7186,1.1419,2.367,2.269,1.3153
2018-08-26,2.4971,0.7186,1.1523,2.4005,2.2903,1.3299
2018-09-02,2.5466,0.7205,1.1683,2.4441,2.3535,1.3612
2018-09-09,2.4862,0.6817,1.1416,2.3823,2.2824,1.3345
2018-09-16,2.4746,0.6328,1.123,2.3775,2.2842,1.3371
2018-09-23,2.5384,0.6328,1.1497,2.4197,2.3087,1.35
2018-09-30,2.5486,0.6387,1.158,2.4258,2.3119,1.3541
2018-10-07,2.4124,0.6015,1.109,2.3271,2.2019,1.2939
2018-10-14,2.2928,0.5925,1.0495,2.2327,2.0966,1.236
2018-10-21,2.2274,0.5925,1.0495,2.2078,2.0818,1.2204
2018-10-28,2.1874,0.5925,1.0495,2.1556,1.9924,1.1675
2018-11-04,2.1524,0.5925,1.026,2.2016,2.0902,1.2188
2018-11-11,2.0699,0.5925,1.0304,2.2011,2.0752,1.2094
2018-11-18,2.0955,0.5925,1.0439,2.1989,2.086,1.2054
2018-11-25,2.0498,0.5925,1.0088,2.1561,2.0605,1.1894
2018-12-02,2.1228,0.5925,1.0779,2.1986,2.1239,1.2165
2018-12-09,2.1108,0.5925,1.0593,2.1821,2.114,1.2009
2018-12-16,2.0837,0.5925,1.0681,2.1797,2.1183,1.2025
2018-12-23,2.0589,0.5925,1.0484,2.1629,2.0854,1.1905
2018-12-30,2.0998,0.5925,1.0222,2.1691,2.1006,1.1968
2019-01-06,2.1489,0.5925,0.9831,2.1867,2.0542,1.1543
2019-01-13,2.1823,0.5925,1.0059,2.233,2.1411,1.2007
2019-01-20,2.2458,0.5925,1.0197,2.2738,2.1788,1.2101
2019-01-27,2.2769,0.5925,1.0299,2.3009,2.2077,1.2266
2019-02-03,2.3011,0.5925,1.0323,2.3161,2.2095,1.222
2019-02-10,,,,,,
2019-02-17,2.3335,0.5925,1.0534,2.3361,2.248,1.2383
2019-02-24,2.3557,0.5925,1.0754,2.3654,2.2959,1.27
2019-03-03,2.393,0.5925,1.0914,2.4019,2.3238,1.2782
2019-03-10,2.3566,0.5925,1.0778,2.3745,2.2994,1.2601
2019-03-17,2.4187,0.5925,1.0884,2.4192,2.3351,1.2844
2019-03-24,2.5264,0.5923,1.11,2.5009,2.3913,1.3089
2019-03-31,2.5558,0.6141,1.1155,2.5381,2.4066,1.3092
2019-04-07,2.602,0.6203,1.1357,2.5661,2.4281,1.317
2019-04-14,2.6426,0.6234,1.146,2.5967,2.4447,1.3294
2019-04-21,2.6658,0.6126,1.1633,2.6146,2.4804,1.3495
2019-04-28,2.6559,0.6159,1.1507,2.6102,2.4799,1.3475
2019-05-05,2.7209,0.6528,1.1809,2.663,2.5332,1.3652
2019-05-12,2.6234,0.6532,1.1363,2.585,2.4459,1.318
2019-05-19,2.5051,0.63,1.1123,2.4846,2.3602,1.2776
2019-05-26,2.4567,0.63,1.1455,2.4702,2.3552,1.2707
2019-06-02,2.5013,0.63,1.1666,2.5148,2.3996,1.2916
2019-06-09,2.4867,0.63,1.168,2.5033,2.3791,1.2807
2019-06-16,2.5031,0.63,1.1413,2.5238,2.4178,1.2949
2019-06-23,2.5825,0.6285,1.1544,2.5944,2.4911,1.3292
2019-06-30,2.6016,0.6401,1.1574,2.6114,2.5055,1.3202
2019-07-07,2.6483,0.6368,1.1779,2.6489,2.5443,1.327
2019-07-14,2.6739,0.6311,1.1795,2.6638,2.5533,1.3317
2019-07-21,2.6948,0.6339,1.1891,2.674,2.5664,1.3377
2019-07-28,2.7393,0.6847,1.2126,2.7156,2.6,1.3401
2019-08-04,2.6534,0.6347,1.1602,2.625,2.5224,1.2979
2019-08-11,2.7108,0.6533,1.18,2.6493,2.5379,1.2912
2019-08-18,2.7429,0.6533,1.1805,2.6707,2.5519,1.2821
2019-08-25,2.8441,0.6533,1.2146,2.7336,2.6016,1.2965
2019-09-01,2.8597,0.6533,1.2308,2.7553,2.625,1.3064
2019-09-08,2.9042,0.6617,1.2453,2.7959,2.6633,1.3264
2019-09-15,2.9174,0.6719,1.2373,2.8149,2.6819,1.3321
2019-09-22,2.9709,0.6584,1.2495,2.8632,2.7251,1.3447
2019-09-29,2.8986,0.6352,1.2192,2.8014,2.6708,1.3324
2019-10-06,2.9769,0.6786,1.2416,2.8396,2.7011,1.3404
2019-10-13,2.9577,0.689,1.2533,2.8256,2.6943,1.3398
2019-10-20,3.0436,0.7021,1.2883,2.8949,2.7643,1.3755
2019-10-27,3.1025,0.7088,1.2974,2.943,2.8098,1.3898
2019-11-03,3.1378,0.6954,1.3058,2.9729,2.8302,1.4025
2019-11-10,3.1615,0.6964,1.3143,3.0118,2.8739,1.4246
2019-11-17,3.2016,0.728,1.3142,3.0327,2.8835,1.418
2019-11-24,3.1904,0.6915,1.3158,3.0267,2.8905,1.4231
2019-12-01,3.15,0.7141,1.2982,2.9917,2.8614,1.4136
2019-12-08,3.204,0.7435,1.3345,3.0286,2.8926,1.4284
2019-12-15,3.2733,0.7535,1.3641,3.0822,2.9365,1.4675
2019-12-22,3.2954,0.781,1.3677,3.1068,2.9624,1.4713
2019-12-29,3.3009,0.7976,1.3706,3.1261,2.9837,1.4876
2020-01-05,3.2907,0.771,1.3689,3.1171,2.9849,1.49
2020-01-12,3.2572,0.7649,1.3273,3.0983,2.9684,1.4794
2020-01-19,3.3287,0.8153,1.3504,3.1589,3.0191,1.4875
2020-01-26,3.3367,0.8166,1.3508,3.172,3.0301,1.491
2020-02-02,3.1268,0.7339,1.2695,2.9851,2.8545,1.4143
2020-02-09,3.1732,0.7426,1.2758,3.0265,2.8881,1.4287
2020-02-16,3.2774,0.7426,1.3178,3.1094,2.9566,1.4537
2020-02-23,3.2217,0.7426,1.3089,3.0709,2.9235,1.4378
2020-03-01,3.0319,0.7426,1.2143,2.9401,2.8143,1.3893
2020-03-08,3.0466,0.7426,1.2033,2.9631,2.8329,1.3929
2020-03-15,2.702,0.7426,1.0234,2.6357,2.5408,1.2462
2020-03-22,2.2952,0.7426,1.0234,2.2058,2.3035,1.1361
2020-03-29,2.5431,0.7426,1.0234,2.3597,2.4684,1.1933
2020-04-05,2.6107,0.7426,0.9879,2.3989,2.4614,1.1889
2020-04-12,2.5897,0.7426,0.9734,2.4385,2.5941,1.2497
2020-04-19,2.7403,0.7426,0.9877,2.5487,2.6816,1.3038
2020-04-26,2.7225,0.7426,0.9771,2.5384,2.6264,1.2731
2020-05-03,2.9346,0.7426,1.0538,2.7198,2.8327,1.3524
2020-05-10,2.9226,0.7426,1.0509,2.6996,2.8156,1.3412
2020-05-17,2.9684,0.7426,1.0408,2.6982,2.8063,1.3306
2020-05-24,2.9739,0.7426,1.0387,2.7,2.8006,1.3301
2020-05-31,3.0289,0.7426,1.0577,2.7255,2.8509,1.3462
2020-06-07,3.1723,0.7776,1.1023,2.8373,2.9806,1.4123
2020-06-14,3.1759,0.7626,1.0879,2.8247,2.9705,1.4062
2020-06-21,3.3329,0.8039,1.1251,2.9464,3.0267,1.421
2020-06-28,3.4271,0.9472,1.1532,3.0301,3.0704,1.4346
2020-07-05,3.5819,0.9921,1.191,3.1402,3.1643,1.4652
2020-07-12,3.6393,0.9922,1.1939,3.1823,3.1699,1.4854
2020-07-19,3.6391,0.9757,1.1959,3.2008,3.1836,1.4987
2020-07-26,3.7707,1.0908,1.2303,3.2933,3.2219,1.5138
2020-08-02,3.9302,1.1531,1.2733,3.3824,3.275,1.5582
2020-08-09,4.0276,1.2284,1.2936,3.4377,3.3216,1.5784
2020-08-16,4.0598,1.2076,1.2977,3.4659,3.3624,1.5742
2020-08-23,3.937,1.1323,1.2862,3.4033,3.3108,1.5512
2020-08-30,3.9117,1.1277,1.2779,3.3917,3.2996,1.566
2020-09-06,3.8824,1.0911,1.2826,3.3555,3.2624,1.5549
2020-09-13,3.7212,1.0776,1.2395,3.282,3.2328,1.5595
2020-09-20,3.8422,1.1159,1.2048,3.3819,3.2985,1.5841
2020-09-27,3.6005,1.0913,1.1168,3.2017,3.1387,1.505
2020-10-04,3.752,1.0913,1.2124,3.3102,3.2247,1.5398
2020-10-11,3.9135,1.0913,1.2981,3.3962,3.2996,1.5855
2020-10-18,3.8806,1.0522,1.2583,3.3613,3.2553,1.5687
2020-10-25,3.9218,1.0478,1.281,3.392,3.289,1.587
2020-11-01,3.7741,0.9846,1.2152,3.2878,3.2078,1.5436
2020-11-08,3.8617,0.9802,1.2676,3.391,3.3125,1.5962
2020-11-15,3.9354,0.9634,1.296,3.4805,3.4106,1.633
2020-11-22,4.1128,1.0378,1.318,3.598,3.4977,1.6876
2020-11-29,4.2075,1.0301,1.3289,3.6595,3.5446,1.7061
2020-12-06,4.2475,1.0052,1.3245,3.6937,3.5731,1.7387
2020-12-13,4.3161,1.0206,1.3512,3.7467,3.6097,1.7546
2020-12-20,4.3543,1.0491,1.3531,3.763,3.6253,1.7532
2020-12-27,4.3769,1.0533,1.3663,3.7844,3.6402,1.7632
2021-01-03,4.5105,1.1297,1.4184,3.8886,3.7283,1.8126
2021-01-10,4.7285,1.2536,1.4779,4.0349,3.848,1.9026
2021-01-17,4.8174,1.277,1.4891,4.0833,3.8849,1.9213
2021-01-24,4.8871,1.3706,1.5168,4.0973,3.9047,1.9708
2021-01-31,4.6035,1.2686,1.4251,3.9029,3.7527,1.8625
2021-02-07,4.8077,1.3661,1.4689,4.0527,3.8807,1.9442
2021-02-14,,,,,,
2021-02-21,5.0243,1.462,1.5026,4.222,4.014,2.0105
2021-02-28,4.942,1.3673,1.4668,4.1694,3.9741,1.9628
2021-03-07,4.8834,1.334,1.4637,4.1382,3.9546,1.9507
2021-03-14,5.0412,1.3907,1.5108,4.2681,4.0705,1.9999
2021-03-21,5.0498,1.4599,1.5096,4.2784,4.0698,1.9771
2021-03-28,5.1749,1.4893,1.5374,4.3791,4.1527,2.0061
2021-04-04,5.2581,1.4929,1.5579,4.434,4.1972,2.0388
2021-04-11,5.3297,1.4834,1.5703,4.4823,4.2334,2.0736
2021-04-18,5.4944,1.4845,1.6344,4.5847,4.3201,2.1111
2021-04-25,5.6199,1.4958,1.6674,4.678,4.3797,2.1285
2021-05-02,5.807,1.5749,1.699,4.7685,4.4759,2.1613
2021-05-09,5.7716,1.5745,1.6633,4.7421,4.4319,2.1266
2021-05-16,5.2161,1.3928,1.4459,4.3828,4.143,1.9472
2021-05-23,5.3984,1.3928,1.4135,4.5064,4.2428,2.0057
2021-05-30,5.5496,1.3928,1.411,4.6236,4.3642,2.0756
2021-06-06,5.6805,1.3618,1.4504,4.7099,4.4477,2.1097
2021-06-13,5.7239,1.3888,1.4875,4.7366,4.4854,2.1178
2021-06-20,5.7297,1.4816,1.5579,4.7552,4.5131,2.1307
2021-06-27,5.7964,1.4626,1.5903,4.8083,4.5793,2.1534
2021-07-04,5.8549,1.5642,1.6047,4.826,4.5963,2.1789
2021-07-11,5.8957,1.4112,1.6022,4.881,4.6493,2.1729
2021-07-18,6.038,1.4534,1.6233,4.9811,4.7472,2.2017
2021-07-25,5.9248,1.4299,1.5981,4.9256,4.6929,2.162
2021-08-01,5.8784,1.4417,1.5729,4.9003,4.6644,2.122
2021-08-08,5.9604,1.4374,1.6044,4.97,4.7104,2.1563
2021-08-15,5.7636,1.3651,1.554,4.8155,4.5792,2.0893
2021-08-22,5.6661,1.3611,1.5336,4.7288,4.4943,2.0106
2021-08-29,6.0241,1.3611,1.6231,4.9159,4.6774,2.1174
2021-09-05,6.1663,1.3611,1.6367,4.9963,4.7646,2.1551
2021-09-12,6.1493,1.3814,1.6573,4.9908,4.7593,2.1499
2021-09-19,6.132,1.3233,1.6496,4.9927,4.7581,2.1256
2021-09-26,6.147,1.3194,1.6519,5.0178,4.7827,2.1235
2021-10-03,5.8754,1.3194,1.5834,4.8225,4.5968,2.0387
2021-10-10,5.9072,1.3194,1.5977,4.8326,4.6362,2.0473
2021-10-17,5.8059,1.3194,1.6004,4.8049,4.6172,2.0646
2021-10-24,5.8743,1.3194,1.6044,4.8785,4.6704,2.0778
2021-10-31,6.0587,1.3346,1.625,4.9532,4.7604,2.09
2021-11-07,6.1596,1.3825,1.6676,4.9982,4.8584,2.1281
2021-11-14,6.3028,1.4483,1.6916,5.1053,4.9502,2.1553
2021-11-21,6.4136,1.4288,1.7276,5.1868,5.0264,2.1922
2021-11-28,6.3149,1.3606,1.6984,5.0925,4.9419,2.137
2021-12-05,6.4758,1.4239,1.7341,5.1994,5.034,2.1773
2021-12-12,6.6035,1.4539,1.7632,5.2707,5.1008,2.1932
2021-12-19,6.5776,1.4491,1.7633,5.2677,5.0997,2.1915
2021-12-26,6.6786,1.4906,1.7942,5.3176,5.1705,2.2098
2022-01-02,6.768,1.4968,1.8021,5.3798,5.2233,2.2415
2022-01-09,6.6129,1.4174,1.7738,5.3264,5.1914,2.2355
2022-01-16,6.7007,1.3781,1.7847,5.3767,5.2094,2.2642
2022-01-23,6.5693,1.3743,1.7619,5.3287,5.1546,2.2022
2022-01-30,6.5083,1.3377,1.7149,5.2623,5.092,2.1745
2022-02-06,,,,,,
2022-02-13,6.9039,1.3833,1.7605,5.5018,5.3007,2.2528
2022-02-20,6.8873,1.4342,1.7549,5.5167,5.2965,2.2432
2022-02-27,6.6874,1.3869,1.736,5.3803,5.1602,2.1718
2022-03-06,6.7663,1.4078,1.7818,5.4288,5.2254,2.1822
2022-03-13,6.6065,1.4078,1.7505,5.3283,5.1311,2.1241
2022-03-20,6.5408,1.4078,1.7005,5.3321,5.1502,2.1477
2022-03-27,6.7601,1.4078,1.7265,5.4357,5.209,2.1748
2022-04-03,6.906,1.4078,1.7409,5.5074,5.2468,2.1685
2022-04-10,6.9267,1.4078,1.7559,5.4863,5.1815,2.1265
2022-04-17,6.6857,1.4078,1.7012,5.3218,5.06,2.092
2022-04-24,6.6507,1.4078,1.6629,5.3102,5.0623,2.0946
2022-05-01,6.6628,1.4078,1.6723,5.2411,5.0274,2.0414
2022-05-08,6.4342,1.4078,1.6101,5.1242,4.9517,2.0187
2022-05-15,6.1663,1.4078,1.6586,4.8772,4.7775,1.9479
2022-05-22,6.2776,1.4078,1.6351,4.9205,4.8245,1.9863
2022-05-29,6.292,1.4078,1.5866,4.9308,4.8408,2.0013
2022-06-05,6.2381,1.4078,1.601,4.9135,4.9152,2.0365
2022-06-12,6.1108,1.4078,1.5986,4.8348,4.9163,2.0251
2022-06-19,6.0303,1.4078,1.4876,4.6768,4.6799,1.9244
2022-06-26,6.0602,1.4078,1.5438,4.7143,4.6373,1.8828
2022-07-03,5.912,1.4078,1.4834,4.5731,4.3946,1.7647
2022-07-10,5.8073,1.4078,1.4652,4.4922,4.4406,1.7796
2022-07-17,5.7577,1.4078,1.4852,4.4555,4.4246,1.7902
2022-07-24,5.541,1.4078,1.4406,4.3649,4.6046,1.8392
2022-07-31,5.9748,1.4078,1.4464,4.5777,4.6926,1.8455
2022-08-07,5.7929,1.4078,1.4542,4.577,4.712,1.8499
2022-08-14,6.0639,1.4078,1.5021,4.7322,4.8531,1.881
2022-08-21,5.9785,1.4078,1.5142,4.683,4.8859,1.8958
2022-08-28,5.9707,1.4078,1.5024,4.6812,4.8387,1.8797
2022-09-04,5.7466,1.4078,1.4576,4.5611,4.6684,1.8052
2022-09-11,5.8112,1.4078,1.4574,4.6608,4.7234,1.7942
2022-09-18,5.9137,1.4078,1.4826,4.6693,4.7398,1.7916
2022-09-25,5.778,1.4078,1.4318,4.5885,4.6074,1.737
2022-10-02,5.6125,1.4078,1.4275,4.5091,4.438,1.6516
2022-10-09,5.5515,1.4078,1.3935,4.5332,4.4869,1.6858
2022-10-16,5.2889,1.4078,1.2888,4.3482,4.3003,1.6152
2022-10-23,5.1442,1.4078,1.2702,4.2321,4.2288,1.5772
2022-10-30,5.1442,1.4078,1.2261,4.1836,4.2906,1.5734
2022-11-06,5.1442,1.4078,1.2562,4.2315,4.4003,1.6027
2022-11-13,5.231,1.4078,1.3669,4.3713,4.6862,1.7234
2022-11-20,4.9384,1.4078,1.3826,4.3401,4.7327,1.7846
2022-11-27,5.0113,1.4078,1.3989,4.3688,4.8136,1.8182
2022-12-04,5.0636,1.4078,1.4157,4.4271,4.9022,1.8419
2022-12-11,4.8633,1.4078,1.3972,4.3512,4.8324,1.8092
2022-12-18,4.8148,1.4078,1.383,4.3704,4.8049,1.7875
2022-12-25,4.6678,1.4078,1.3595,4.2656,4.73,1.7559
2023-01-01,4.6393,1.4078,1.3508,4.2385,4.695,1.7394
2023-01-08,4.6888,1.4078,1.379,4.3215,4.7962,1.7684
2023-01-15,4.6709,1.4078,1.3797,4.3317,4.8526,1.8238
2023-01-22,4.6935,1.4078,1.3867,4.3837,4.891,1.8372
2023-01-29,,,,,,
2023-02-05,4.8846,1.4078,1.4262,4.4992,5.0262,1.9196
2023-02-12,4.7947,1.4003,1.4133,4.4973,5.0257,1.9176
2023-02-19,4.8427,1.3314,1.416,4.5153,5.0729,1.9045
2023-02-26,4.8579,1.3224,1.4188,4.5401,5.105,1.9075
2023-03-05,4.8639,1.3231,1.3877,4.5467,5.1113,1.9203
2023-03-12,4.921,1.3811,1.3875,4.5499,5.102,1.9102
2023-03-19,4.9815,1.4589,1.4111,4.5519,5.077,1.9012
2023-03-26,5.2437,1.5725,1.4762,4.7498,5.2668,1.958
2023-04-02,5.2423,1.5828,1.4765,4.7507,5.2823,1.9523
2023-04-09,5.2115,1.5731,1.462,4.7227,5.2676,1.9484
2023-04-16,5.3634,1.6546,1.4941,4.8286,5.3887,1.9598
2023-04-23,5.1657,1.5147,1.4385,4.7044,5.2627,1.9197
2023-04-30,5.2192,1.4667,1.443,4.723,5.2984,1.9167
2023-05-07,5.3621,1.4667,1.4681,4.791,5.3661,1.9225
2023-05-14,5.3893,1.4667,1.4793,4.7878,5.3705,1.9073
2023-05-21,5.6354,1.5581,1.5478,5.0069,5.6128,1.99
2023-05-28,5.8097,1.4706,1.5773,5.0884,5.7024,2.0306
2023-06-04,5.9273,1.5976,1.6027,5.1733,5.8072,2.0555
2023-06-11,6.1167,1.5437,1.6512,5.2859,5.9355,2.0776
2023-06-18,6.4412,1.667,1.7106,5.4227,6.0909,2.1271
2023-06-25,6.4248,1.6475,1.722,5.4395,6.104,2.1164
2023-07-02,6.3975,1.6316,1.73,5.4207,6.0936,2.0811
2023-07-09,6.5207,1.6155,1.7765,5.4375,6.115,2.0502
2023-07-16,7.2517,1.7147,2.012,5.8171,6.5044,2.1264
2023-07-23,7.4581,1.9313,2.0792,5.9207,6.6012,2.0953
2023-07-30,7.7484,1.8793,2.1702,6.0981,6.7778,2.1276
2023-08-06,7.1809,1.6065,2.0555,5.8401,6.5329,2.0723
2023-08-13,7.1594,1.5762,2.0214,5.8238,6.5147,2.0425
2023-08-20,7.3489,1.5673,1.9918,5.8451,6.4956,2.0154
2023-08-27,7.5741,1.5673,2.0897,5.9463,6.5658,2.0278
2023-09-03,7.4521,1.5673,2.0176,5.9326,6.5911,2.0479
2023-09-10,7.4577,1.5673,1.9635,5.9308,6.5796,2.0394
2023-09-17,7.497,1.5673,1.996,5.9837,6.6658,2.0818
2023-09-24,7.1933,1.5673,1.9436,5.8061,6.4848,2.0109
2023-10-01,7.3491,1.5673,1.9474,5.8694,6.5362,2.012
2023-10-08,7.5087,1.5673,1.9445,5.9725,6.5935,2.0326
2023-10-15,7.3699,1.5459,2.0089,5.9364,6.6169,2.0648
2023-10-22,7.0356,1.4468,1.9542,5.7154,6.3927,2.0227
2023-10-29,6.8933,1.4468,1.9076,5.6536,6.3248,1.9851
2023-11-05,7.1485,1.4468,1.9514,5.7639,6.4643,2.031
2023-11-12,7.3134,1.4392,1.9846,5.9201,6.5608,2.0525
2023-11-19,7.4663,1.4678,2.0071,6.0447,6.7144,2.1172
2023-11-26,7.4758,1.4337,2.0184,6.056,6.7874,2.1269
2023-12-03,7.4685,1.4566,2.0287,6.0768,6.8115,2.1455
2023-12-10,7.5234,1.5136,2.0214,6.1144,6.8334,2.1388
2023-12-17,7.6452,1.5334,2.0648,6.2212,6.9317,2.1744
2023-12-24,7.6898,1.5022,2.0555,6.2243,6.908,2.1649
2023-12-31,7.8916,1.4599,2.0989,6.3823,7.0743,2.2061
2024-01-07,7.629,1.5111,2.0218,6.1891,6.8854,2.1554
2024-01-14,7.8007,1.6649,2.0183,6.2733,6.9234,2.1546
2024-01-21,7.8941,1.6649,2.0668,6.2865,6.8774,2.1754
2024-01-28,8.0463,1.7362,2.1248,6.3946,6.9788,2.214
2024-02-04,8.4591,1.7763,2.2954,6.5736,7.1371,2.2219
2024-02-11,8.4702,1.8224,2.3008,6.5642,7.1189,2.2264
2024-02-18,8.7782,1.9576,2.4089,6.7255,7.2443,2.2893
2024-02-25,8.8893,1.8916,2.441,6.8047,7.3278,2.324
2024-03-03,9.0001,1.9281,2.4496,6.8796,7.385,2.3297
2024-03-10,9.1791,1.9526,2.5245,6.9944,7.4913,2.4342
2024-03-17,8.9342,1.7886,2.5324,6.9453,7.4861,2.4216
2024-03-24,9.0593,1.7987,2.5836,7.0562,7.6171,2.4887
2024-03-31,9.0674,1.7058,2.551,7.0844,7.6151,2.4969
2024-04-07,9.0789,1.6698,2.5304,7.0847,7.6307,2.5022
2024-04-14,9.1053,1.7004,2.5276,7.1285,7.6645,2.5513
2024-04-21,8.5928,1.5555,2.3734,6.7643,7.2952,2.4025
2024-04-28,8.7618,1.5509,2.3558,6.8847,7.4625,2.4755
2024-05-05,8.9227,1.5421,2.393,6.97,7.5785,2.5013
2024-05-12,9.2017,1.5796,2.4556,7.1732,7.7258,2.5478
2024-05-19,9.5564,1.629,2.4896,7.3416,7.8995,2.6155
2024-05-26,9.6846,1.6492,2.4891,7.3945,7.9338,2.6532
2024-06-02,9.5115,1.5452,2.4093,7.3,7.8474,2.6051
2024-06-09,9.6209,1.6254,2.4017,7.3972,7.9416,2.6893
2024-06-16,9.9537,1.575,2.4544,7.5564,8.095,2.7688
2024-06-23,10.2793,1.6244,2.5476,7.7718,8.292,2.8609
2024-06-30,10.1017,1.5965,2.5062,7.678,8.184,2.8337
2024-07-07,10.4005,1.6056,2.5648,7.9024,8.3901,2.8982
2024-07-14,10.4545,1.58,2.5827,7.9545,8.4763,2.9425
2024-07-21,9.9259,1.4516,2.4875,7.7094,8.2614,2.8136
2024-07-28,9.5814,1.3895,2.4222,7.5145,8.0706,2.7214
2024-08-04,9.4479,1.3785,2.4026,7.4265,7.9753,2.6622
2024-08-11,9.3365,1.3068,2.3113,7.3478,7.8714,2.6414
2024-08-18,9.7079,1.3068,2.2824,7.5852,8.1807,2.7497
2024-08-25,9.6749,1.3068,2.2607,7.5963,8.1782,2.7261
2024-09-01,9.7127,1.3068,2.2379,7.6275,8.2038,2.7397
2024-09-08,9.3662,1.3068,2.1996,7.4302,7.8996,2.6372
2024-09-15,9.4505,1.3068,2.2214,7.4973,7.9972,2.6771
2024-09-22,9.5842,1.3068,2.2531,7.5885,8.0754,2.7263
2024-09-29,9.7425,1.3539,2.281,7.7658,8.3036,2.8079
2024-10-06,9.4222,1.2626,2.214,7.5085,8.0651,2.7439
2024-10-13,9.5758,1.3011,2.1841,7.5988,8.1173,2.8176
2024-10-20,9.911,1.3484,2.2456,7.8483,8.3032,2.8897
2024-10-27,9.8637,1.3325,2.2505,7.7811,8.3132,2.8726
2024-11-03,9.6298,1.3097,2.2032,7.6049,8.1732,2.8027
2024-11-10,10.0094,1.374,2.3327,7.7929,8.4046,2.8979
2024-11-17,9.7497,1.3197,2.2326,7.6501,8.2082,2.7981
2024-11-24,9.8676,1.3274,2.2396,7.7464,8.2917,2.818
2024-12-01,9.6942,1.3274,2.1564,7.6451,8.117,2.739
2024-12-08,10.1301,1.3203,2.26,7.9601,8.4244,2.8535
2024-12-15,10.2102,1.3192,2.2926,7.9601,8.3674,2.8322
2024-12-22,9.8924,1.2711,2.2362,7.7353,8.1948,2.7695
2024-12-29,10.1591,1.2827,2.2976,7.9114,8.3778,2.8636
2025-01-05,9.9598,1.2724,2.2311,7.7599,8.2285,2.8184
2025-01-12,9.8742,1.2687,2.2017,7.7549,8.1518,2.8312
2025-01-19,9.7593,1.2423,2.1806,7.689,8.2049,2.8479
2025-01-26,9.9437,1.2797,2.1977,7.8115,8.3265,2.8944
2025-02-02,,,,,,
2025-02-09,9.823,1.1806,2.1323,7.8488,8.3126,2.8886
2025-02-16,9.8424,1.1434,2.1765,7.8468,8.4593,2.8485
2025-02-23,10.038,1.188,2.2159,7.984,8.6243,2.9196
2025-03-02,9.9376,1.2261,2.1938,7.8907,8.4912,2.8363
2025-03-09,9.6756,1.1884,2.1324,7.7362,8.3787,2.7776
2025-03-16,9.4698,1.1884,2.0803,7.5745,8.2629,2.7028
2025-03-23,9.65,1.1884,2.0862,7.7076,8.3417,2.7324
2025-03-30,9.4419,1.1884,2.058,7.5918,8.1318,2.6578
2025-04-06,9.1751,1.1884,2.0291,7.3934,8.0037,2.6204
2025-04-13,8.6184,1.1884,1.821,6.8058,7.3446,2.4027
2025-04-20,8.4465,1.1884,1.7665,6.8071,7.4416,2.3862
2025-04-27,8.6961,1.1884,1.7587,6.9457,7.5931,2.445
2025-05-04,8.8138,1.1884,1.7458,6.9763,7.8546,2.5575
2025-05-11,9.1485,1.1884,1.7908,7.1197,8.0021,2.5732
2025-05-18,9.5652,1.1884,1.833,7.4328,8.3442,2.6875
2025-05-25,9.6378,1.1884,1.8337,7.4693,8.3308,2.6639
2025-06-01,9.5158,1.1884,1.8215,7.3515,8.2492,2.6264
2025-06-08,9.5707,1.1884,1.8614,7.3579,8.3407,2.6649
2025-06-15,10.038,1.2094,1.9131,7.562,8.5007,2.7157
2025-06-22,9.9144,1.1974,1.8715,7.4862,8.3773,2.7123
2025-06-29,10.0482,1.1974,1.9177,7.5167,8.6152,2.7781
2025-07-06,10.0918,1.2069,1.9503,7.5473,8.7069,2.7741
2025-07-13,10.4166,1.2467,2.0082,7.6961,8.8083,2.7991
2025-07-20,10.7756,1.3041,2.0749,7.8876,9.0262,2.8769
2025-07-27,10.6638,1.2926,2.0784,7.8331,9.0368,2.8746
2025-08-03,11.089,1.382,2.1594,8.0067,9.1839,2.8965
2025-08-10,11.724,1.5202,2.2093,8.3701,9.3697,2.9554
2025-08-17,12.0273,1.5936,2.2721,8.5181,9.5274,2.9939
2025-08-24,11.388,1.4833,2.1858,8.2277,9.3157,2.9238
2025-08-31,11.7614,1.519,2.2058,8.3144,9.4065,2.9814
2025-09-07,11.8162,1.5155,2.1509,8.3428,9.4554,3.0136
2025-09-14,12.5225,1.6783,2.2869,8.7042,9.7627,3.1342
2025-09-21,12.5177,1.6491,2.2973,8.7584,9.826,3.1469
2025-09-28,12.1094,1.5772,2.2679,8.6116,9.7026,3.1472
2025-10-05,12.9567,1.7423,2.3431,8.903,9.9522,3.2925
2025-10-12,12.9775,1.7515,2.3507,9.0611,10.1059,3.359
2025-10-19,12.8347,1.7104,2.3333,8.9974,10.041,3.3591
2025-10-26,13.2235,1.7402,2.3934,9.1844,10.2095,3.3873
2025-11-02,14.1774,1.8214,2.4691,9.4378,10.388,3.4736
2025-11-09,13.7891,1.7407,2.3807,9.3033,10.2431,3.402
2025-11-16,13.948,1.7154,2.4231,9.3731,10.2846,3.3708
2025-11-23,13.3217,1.649,2.3232,9.0282,9.9637,3.2523
2025-11-30,14.1001,1.649,2.3539,9.3931,10.3787,3.3989
2025-12-07,14.2887,1.7034,2.4114,9.5356,10.5065,3.4425
2025-12-14,14.3982,1.7129,2.4339,9.6345,10.5356,3.4692
2025-12-21,14.3983,1.6,2.4814,9.6316,10.566,3.4075
2025-12-28,14.6167,1.6253,2.4931,9.7192,10.6741,3.5133
2026-01-04,14.6551,1.5991,2.4568,9.7701,10.7399,3.611
2026-01-11,14.8763,1.6128,2.4186,9.9162,10.8449,3.7265
2026-01-18,15.5265,1.6459,2.5031,10.2554,11.1107,3.8643
2026-01-25,15.998,1.6942,2.5717,10.4509,11.246,3.9323
2026-02-01,15.9582,1.627,2.5929,10.4029,11.1885,3.9449
2026-02-08,15.9261,1.6048,2.511,10.3783,11.1623,3.9103
2026-02-15,16.9317,1.7183,2.6588,10.8959,11.5978,4.1346
2026-02-22,,,,,,
2026-03-01,18.4811,1.9542,2.8112,11.7463,12.3137,4.3571
2026-03-08,17.6159,1.8779,2.729,11.2576,11.8766,4.1338
2026-03-15,17.6702,1.9694,2.7425,11.2626,11.9034,4.1093
2026-03-22,17.9658,2.0828,2.7994,11.3461,12.0334,4.127
2026-03-29,17.9893,2.1013,2.8085,11.2547,11.9618,4.0739
2026-04-05,17.6601,1.9194,2.6501,11.09,11.773,4.0074
2026-04-12,19.3884,1.9694,2.761,11.8946,12.4852,4.3575
2026-04-19,20.773,2.141,2.9217,12.5904,13.1471,4.5281
2026-04-26,21.6272,2.3074,2.9904,12.9107,13.4285,4.7899
2026-05-03,22.2013,2.4355,2.9963,13.1174,13.5112,4.7892
2026-05-10,23.8041,2.4907,3.3135,13.981,14.441,5.1186
2026-05-17,23.711,2.511,3.3243,13.9129,14.3065,5.0655
2026-05-24,25.0904,2.7698,3.4249,14.4638,14.716,5.2003
2026-05-31,27.1104,3.0245,3.6272,15.2063,15.4298,5.5036
2026-06-07,27.9386,2.93,3.8446,15.9114,16.1959,5.5451
2026-06-14,27.576,2.8903,3.8343,15.7269,16.0836,5.4342
2026-06-21,29.5843,3.2262,4.1106,16.7058,16.9749,5.7167
2026-06-28,28.3259,3.1764,4.0115,16.1129,16.4174,5.4837
2026-07-05,30.2631,3.5493,4.1207,17.0736,17.3084,5.7555
2026-07-12,29.2341,3.2767,4.082,16.6073,16.9083,5.58
2026-07-19,27.922,3.1895,4.1137,16.1251,16.5086,5.2469
2026-07-26,28.101,3.052,4.1956,16.7042,17.0967,5.3679
2026-08-02,27.5193,3.052,4.2381,16.4797,16.8862,5.3021
2026-08-09,28.9962,3.052,4.2042,17.1472,17.5684,5.4381
2026-08-16,30.5775,3.377,4.4373,17.9549,18.3615,5.633
2026-08-23,29.7304,3.2463,4.3625,17.6696,18.1136,5.5608
2026-08-30,31.0884,3.2092,4.6426,18.3098,18.7406,5.697
2026-09-06,32.279,3.1918,4.814,18.8985,19.3256,5.724
2026-09-13,31.9178,3.0445,4.6909,18.7078,19.1358,5.6789
2026-09-20,32.4069,3.0914,4.7183,19.009,19.4206,5.8014
2026-09-27,32.664,3.1365,4.6982,19.142,19.5785,5.8514
