Date,Mark Minervini,William O'Neil,Jesse Livermore,Steve Burns,機器學習（前 10 名）,50 檔平均持有,加權指數
2021-07-11,0.9873,0.8348,0.9757,0.9935,0.9852,0.994,0.986
2021-07-18,1.0111,0.8598,0.9885,1.0139,1.0226,1.0149,0.999
2021-07-25,0.9922,0.8458,0.9732,1.0026,1.0043,1.0033,0.981
2021-08-01,0.9844,0.8528,0.9578,0.9974,0.9795,0.9972,0.9628
2021-08-08,0.9982,0.8503,0.977,1.0117,1.0017,1.007,0.9784
2021-08-15,0.9652,0.8075,0.9463,0.9802,0.9725,0.979,0.948
2021-08-22,0.9489,0.8052,0.9339,0.9626,0.9464,0.9608,0.9123
2021-08-29,1.0088,0.8052,0.9884,1.0006,0.9892,1.0,0.9607
2021-09-05,1.0326,0.8052,0.9967,1.017,1.0033,1.0186,0.9779
2021-09-12,1.0298,0.8172,1.0092,1.0159,1.0015,1.0175,0.9755
2021-09-19,1.0269,0.7828,1.0045,1.0163,0.9977,1.0172,0.9645
2021-09-26,1.0294,0.7805,1.0059,1.0214,1.0049,1.0225,0.9636
2021-10-03,0.9839,0.7805,0.9642,0.9816,0.9746,0.9827,0.9251
2021-10-10,0.9892,0.7805,0.9729,0.9837,0.9565,0.9912,0.929
2021-10-17,0.9723,0.7805,0.9746,0.978,0.9625,0.9871,0.9368
2021-10-24,0.9837,0.7805,0.977,0.993,0.9834,0.9985,0.9428
2021-10-31,1.0146,0.7895,0.9895,1.0082,1.0304,1.0177,0.9483
2021-11-07,1.0315,0.8178,1.0155,1.0174,1.033,1.0387,0.9656
2021-11-14,1.0555,0.8568,1.0301,1.0392,1.0572,1.0583,0.978
2021-11-21,1.074,0.8452,1.0521,1.0558,1.0823,1.0746,0.9947
2021-11-28,1.0575,0.8049,1.0343,1.0366,1.0638,1.0565,0.9696
2021-12-05,1.0845,0.8424,1.056,1.0583,1.0782,1.0762,0.9879
2021-12-12,1.1059,0.86,1.0737,1.0728,1.101,1.0905,0.9952
2021-12-19,1.1015,0.8572,1.0738,1.0722,1.1136,1.0903,0.9944
2021-12-26,1.1184,0.8818,1.0926,1.0824,1.1413,1.1054,1.0027
2022-01-02,1.1334,0.8854,1.0974,1.0951,1.142,1.1167,1.0171
2022-01-09,1.1074,0.8385,1.0802,1.0842,1.1281,1.1099,1.0143
2022-01-16,1.1221,0.8152,1.0868,1.0944,1.1021,1.1137,1.0274
2022-01-23,1.1001,0.813,1.0729,1.0847,1.0949,1.102,0.9992
2022-01-30,1.0899,0.7914,1.0443,1.0711,1.0757,1.0886,0.9867
2022-02-06,,,,,,,
2022-02-13,1.1562,0.8183,1.0721,1.1199,1.1244,1.1332,1.0222
2022-02-20,1.1534,0.8484,1.0687,1.1229,1.1343,1.1323,1.0178
2022-02-27,1.1199,0.8204,1.0571,1.0952,1.1071,1.1032,0.9854
2022-03-06,1.1331,0.8328,1.085,1.105,1.1227,1.1171,0.9901
2022-03-13,1.1063,0.8328,1.066,1.0846,1.1038,1.097,0.9638
2022-03-20,1.0953,0.8328,1.0355,1.0853,1.1153,1.101,0.9745
2022-03-27,1.1321,0.8328,1.0514,1.1064,1.1292,1.1136,0.9868
2022-04-03,1.1565,0.8328,1.0601,1.121,1.1178,1.1217,0.984
2022-04-10,1.16,0.8328,1.0693,1.1167,1.0783,1.1077,0.9649
2022-04-17,1.1196,0.8328,1.0359,1.0833,1.0348,1.0818,0.9493
2022-04-24,1.1138,0.8328,1.0126,1.0809,1.0349,1.0823,0.9504
2022-05-01,1.1158,0.8328,1.0184,1.0668,1.0288,1.0748,0.9263
2022-05-08,1.0775,0.8328,0.9805,1.043,1.0179,1.0586,0.916
2022-05-15,1.0326,0.8328,1.01,0.9928,0.9847,1.0214,0.8839
2022-05-22,1.0513,0.8328,0.9957,1.0016,0.9827,1.0314,0.9013
2022-05-29,1.0537,0.8328,0.9662,1.0037,0.9828,1.0349,0.9081
2022-06-05,1.0446,0.8328,0.9749,1.0001,1.0002,1.0508,0.924
2022-06-12,1.0233,0.8328,0.9734,0.9841,1.0084,1.0511,0.9189
2022-06-19,1.0099,0.8328,0.9059,0.952,0.9468,1.0005,0.8732
2022-06-26,1.0149,0.8328,0.9401,0.9596,0.9283,0.9914,0.8543
2022-07-03,0.9901,0.8328,0.9033,0.9308,0.861,0.9395,0.8007
2022-07-10,0.9725,0.8328,0.8922,0.9144,0.8727,0.9493,0.8075
2022-07-17,0.9642,0.8328,0.9044,0.9069,0.8751,0.9459,0.8123
2022-07-24,0.9279,0.8328,0.8772,0.8885,0.9137,0.9844,0.8346
2022-07-31,1.0006,0.8328,0.8808,0.9318,0.9381,1.0032,0.8374
2022-08-07,0.9701,0.8328,0.8855,0.9317,0.9337,1.0074,0.8394
2022-08-14,1.0155,0.8328,0.9147,0.9632,0.9705,1.0375,0.8535
2022-08-21,1.0012,0.8328,0.9221,0.9532,0.989,1.0446,0.8602
2022-08-28,0.9999,0.8328,0.9149,0.9529,0.984,1.0345,0.8529
2022-09-04,0.9623,0.8328,0.8876,0.9284,0.9515,0.998,0.8191
2022-09-11,0.9732,0.8328,0.8875,0.9487,0.9672,1.0098,0.8141
2022-09-18,0.9903,0.8328,0.9029,0.9504,0.9631,1.0133,0.8129
2022-09-25,0.9676,0.8328,0.8719,0.934,0.9335,0.985,0.7882
2022-10-02,0.9399,0.8328,0.8693,0.9178,0.8843,0.9488,0.7494
2022-10-09,0.9297,0.8328,0.8486,0.9227,0.8996,0.9592,0.7649
2022-10-16,0.8857,0.8328,0.7848,0.8851,0.8702,0.9194,0.7329
2022-10-23,0.8615,0.8328,0.7735,0.8614,0.8731,0.9041,0.7156
2022-10-30,0.8615,0.8328,0.7466,0.8516,0.9014,0.9173,0.7139
2022-11-06,0.8615,0.8328,0.765,0.8613,0.9662,0.9407,0.7272
2022-11-13,0.876,0.8328,0.8324,0.8898,1.0296,1.0019,0.782
2022-11-20,0.827,0.8328,0.8419,0.8834,1.0426,1.0118,0.8097
2022-11-27,0.8392,0.8328,0.8518,0.8893,1.0761,1.0291,0.825
2022-12-04,0.848,0.8328,0.8621,0.9011,1.1,1.048,0.8357
2022-12-11,0.8144,0.8328,0.8508,0.8857,1.0905,1.0331,0.8209
2022-12-18,0.8063,0.8328,0.8422,0.8896,1.0985,1.0272,0.8111
2022-12-25,0.7817,0.8328,0.8279,0.8683,1.0933,1.0112,0.7967
2023-01-01,0.7769,0.8328,0.8226,0.8627,1.091,1.0037,0.7892
2023-01-08,0.7852,0.8328,0.8398,0.8796,1.1229,1.0254,0.8024
2023-01-15,0.7822,0.8328,0.8402,0.8817,1.1271,1.0374,0.8276
2023-01-22,0.786,0.8328,0.8445,0.8923,1.1363,1.0456,0.8336
2023-01-29,,,,,,,
2023-02-05,0.818,0.8328,0.8685,0.9158,1.1526,1.0745,0.871
2023-02-12,0.8029,0.8284,0.8607,0.9154,1.1509,1.0744,0.8701
2023-02-19,0.811,0.7876,0.8623,0.9191,1.164,1.0845,0.8642
2023-02-26,0.8135,0.7823,0.864,0.9241,1.1633,1.0914,0.8655
2023-03-05,0.8145,0.7827,0.8451,0.9255,1.1607,1.0927,0.8713
2023-03-12,0.8241,0.817,0.8449,0.9261,1.1534,1.0908,0.8668
2023-03-19,0.8342,0.863,0.8593,0.9265,1.1339,1.0854,0.8627
2023-03-26,0.8781,0.9302,0.8989,0.9668,1.1507,1.126,0.8884
2023-04-02,0.8779,0.9363,0.8991,0.967,1.1521,1.1293,0.8858
2023-04-09,0.8727,0.9306,0.8903,0.9613,1.1489,1.1261,0.8841
2023-04-16,0.8982,0.9788,0.9098,0.9829,1.1585,1.152,0.8893
2023-04-23,0.8651,0.896,0.876,0.9576,1.1362,1.1251,0.871
2023-04-30,0.874,0.8677,0.8787,0.9614,1.1272,1.1327,0.8697
2023-05-07,0.898,0.8677,0.894,0.9752,1.1248,1.1472,0.8723
2023-05-14,0.9025,0.8677,0.9008,0.9746,1.1087,1.1482,0.8654
2023-05-21,0.9437,0.9217,0.9425,1.0191,1.156,1.1999,0.903
2023-05-28,0.9729,0.87,0.9605,1.0357,1.1876,1.2191,0.9214
2023-06-04,0.9926,0.9451,0.9759,1.053,1.1994,1.2415,0.9327
2023-06-11,1.0243,0.9132,1.0055,1.076,1.2218,1.2689,0.9427
2023-06-18,1.0787,0.9861,1.0417,1.1038,1.2391,1.3022,0.9652
2023-06-25,1.0759,0.9746,1.0486,1.1072,1.2201,1.305,0.9603
2023-07-02,1.0713,0.9652,1.0535,1.1034,1.1994,1.3027,0.9443
2023-07-09,1.092,0.9556,1.0818,1.1068,1.1911,1.3073,0.9303
2023-07-16,1.2144,1.0144,1.2252,1.1841,1.2625,1.3906,0.9649
2023-07-23,1.249,1.1425,1.2661,1.2052,1.2768,1.4113,0.9507
2023-07-30,1.2976,1.1117,1.3216,1.2413,1.3383,1.449,0.9654
2023-08-06,1.2025,0.9503,1.2517,1.1887,1.1844,1.3967,0.9403
2023-08-13,1.1989,0.9324,1.2309,1.1854,1.1762,1.3928,0.9268
2023-08-20,1.2307,0.9271,1.2129,1.1898,1.2459,1.3887,0.9145
2023-08-27,1.2684,0.9271,1.2725,1.2104,1.2459,1.4037,0.9201
2023-09-03,1.248,0.9271,1.2286,1.2076,1.2314,1.4091,0.9292
2023-09-10,1.2489,0.9271,1.1957,1.2072,1.2382,1.4066,0.9254
2023-09-17,1.2555,0.9271,1.2155,1.218,1.2325,1.4251,0.9446
2023-09-24,1.2046,0.9271,1.1836,1.1818,1.1572,1.3864,0.9124
2023-10-01,1.2307,0.9271,1.1859,1.1947,1.1596,1.3974,0.913
2023-10-08,1.2574,0.9271,1.1841,1.2157,1.1732,1.4096,0.9223
2023-10-15,1.2342,0.9145,1.2233,1.2084,1.1715,1.4146,0.9369
2023-10-22,1.1782,0.8558,1.19,1.1634,1.1367,1.3667,0.9178
2023-10-29,1.1544,0.8558,1.1616,1.1508,1.1334,1.3522,0.9007
2023-11-05,1.1971,0.8558,1.1883,1.1733,1.1551,1.382,0.9215
2023-11-12,1.2247,0.8513,1.2085,1.205,1.1584,1.4026,0.9313
2023-11-19,1.2503,0.8683,1.2222,1.2304,1.19,1.4355,0.9607
2023-11-26,1.2519,0.8481,1.2291,1.2327,1.1892,1.4511,0.9651
2023-12-03,1.2507,0.8616,1.2354,1.2369,1.1979,1.4562,0.9735
2023-12-10,1.2599,0.8954,1.2309,1.2446,1.2071,1.4609,0.9705
2023-12-17,1.2803,0.9071,1.2573,1.2663,1.239,1.4819,0.9866
2023-12-24,1.2878,0.8886,1.2517,1.267,1.2401,1.4768,0.9823
2023-12-31,1.3216,0.8636,1.2782,1.2991,1.2569,1.5124,1.001
2024-01-07,1.2776,0.8939,1.2312,1.2598,1.2478,1.472,0.978
2024-01-14,1.3063,0.9849,1.2291,1.2769,1.2463,1.4801,0.9777
2024-01-21,1.322,0.9849,1.2586,1.2796,1.2372,1.4703,0.9871
2024-01-28,1.3475,1.0271,1.2939,1.3016,1.2528,1.492,1.0046
2024-02-04,1.4166,1.0508,1.3978,1.3381,1.2609,1.5258,1.0082
2024-02-11,1.4184,1.0781,1.4011,1.3361,1.268,1.5219,1.0102
2024-02-18,1.47,1.1581,1.4669,1.369,1.2777,1.5487,1.0388
2024-02-25,1.4886,1.119,1.4865,1.3851,1.2869,1.5666,1.0545
2024-03-03,1.5072,1.1406,1.4917,1.4003,1.2942,1.5788,1.0571
2024-03-10,1.5372,1.1551,1.5373,1.4237,1.3168,1.6016,1.1045
2024-03-17,1.4962,1.0581,1.5421,1.4137,1.3406,1.6004,1.0988
2024-03-24,1.5171,1.064,1.5733,1.4363,1.34,1.6284,1.1293
2024-03-31,1.5185,1.0091,1.5535,1.442,1.3595,1.628,1.1329
2024-04-07,1.5204,0.9878,1.5409,1.4421,1.3603,1.6313,1.1353
2024-04-14,1.5248,1.0059,1.5392,1.451,1.3555,1.6386,1.1576
2024-04-21,1.439,0.9202,1.4453,1.3769,1.287,1.5596,1.0901
2024-04-28,1.4673,0.9175,1.4346,1.4014,1.351,1.5954,1.1232
2024-05-05,1.4942,0.9122,1.4572,1.4187,1.3725,1.6202,1.1349
2024-05-12,1.541,0.9344,1.4954,1.4601,1.4154,1.6517,1.1561
2024-05-19,1.6004,0.9637,1.5161,1.4944,1.4733,1.6888,1.1868
2024-05-26,1.6218,0.9756,1.5157,1.5052,1.4784,1.6962,1.2039
2024-06-02,1.5928,0.914,1.4671,1.4859,1.4754,1.6777,1.1821
2024-06-09,1.6111,0.9615,1.4625,1.5057,1.518,1.6978,1.2202
2024-06-16,1.6669,0.9317,1.4946,1.5381,1.5253,1.7306,1.2563
2024-06-23,1.7214,0.9609,1.5514,1.582,1.5725,1.7727,1.2981
2024-06-30,1.6917,0.9444,1.5262,1.5629,1.544,1.7497,1.2858
2024-07-07,1.7417,0.9498,1.5619,1.6085,1.5857,1.7937,1.3151
2024-07-14,1.7507,0.9347,1.5727,1.6191,1.6137,1.8121,1.3352
2024-07-21,1.6622,0.8587,1.5148,1.5692,1.5866,1.7662,1.2767
2024-07-28,1.6045,0.8219,1.475,1.5296,1.5698,1.7254,1.2348
2024-08-04,1.5822,0.8155,1.4631,1.5117,1.5259,1.705,1.2079
2024-08-11,1.5635,0.7731,1.4075,1.4956,1.5098,1.6828,1.1985
2024-08-18,1.6257,0.7731,1.3899,1.544,1.5604,1.7489,1.2477
2024-08-25,1.6202,0.7731,1.3767,1.5462,1.5555,1.7484,1.237
2024-09-01,1.6265,0.7731,1.3628,1.5526,1.5572,1.7539,1.2431
2024-09-08,1.5685,0.7731,1.3394,1.5124,1.4516,1.6888,1.1966
2024-09-15,1.5826,0.7731,1.3527,1.5261,1.4675,1.7097,1.2147
2024-09-22,1.605,0.7731,1.372,1.5447,1.45,1.7264,1.2371
2024-09-29,1.6315,0.8009,1.389,1.5807,1.476,1.7752,1.2741
2024-10-06,1.5779,0.7469,1.3482,1.5284,1.4248,1.7242,1.2451
2024-10-13,1.6036,0.7697,1.33,1.5467,1.4232,1.7354,1.2785
2024-10-20,1.6597,0.7977,1.3674,1.5975,1.4381,1.7751,1.3112
2024-10-27,1.6518,0.7882,1.3704,1.5838,1.4359,1.7773,1.3034
2024-11-03,1.6126,0.7748,1.3417,1.548,1.4055,1.7473,1.2717
2024-11-10,1.6762,0.8128,1.4205,1.5863,1.4556,1.7968,1.3149
2024-11-17,1.6327,0.7807,1.3596,1.5572,1.4597,1.7548,1.2696
2024-11-24,1.6525,0.7852,1.3638,1.5768,1.4614,1.7727,1.2786
2024-12-01,1.6234,0.7852,1.3131,1.5562,1.4386,1.7353,1.2428
2024-12-08,1.6964,0.781,1.3762,1.6203,1.4893,1.801,1.2948
2024-12-15,1.7098,0.7804,1.3961,1.6203,1.4701,1.7889,1.2851
2024-12-22,1.6566,0.7519,1.3617,1.5745,1.4445,1.752,1.2566
2024-12-29,1.7013,0.7588,1.3991,1.6104,1.4622,1.7911,1.2994
2025-01-05,1.6679,0.7527,1.3586,1.5795,1.4347,1.7592,1.2789
2025-01-12,1.6536,0.7505,1.3408,1.5785,1.4095,1.7428,1.2846
2025-01-19,1.6343,0.7349,1.3279,1.5651,1.4231,1.7541,1.2922
2025-01-26,1.6652,0.757,1.3383,1.59,1.4357,1.7801,1.3133
2025-02-02,,,,,,,
2025-02-09,1.645,0.6984,1.2985,1.5976,1.4341,1.7771,1.3107
2025-02-16,1.6482,0.6764,1.3254,1.5972,1.4219,1.8085,1.2925
2025-02-23,1.681,0.7028,1.3494,1.6251,1.4333,1.8438,1.3247
2025-03-02,1.6642,0.7253,1.3359,1.6062,1.4264,1.8153,1.2869
2025-03-09,1.6203,0.703,1.2986,1.5747,1.4102,1.7913,1.2603
2025-03-16,1.5859,0.703,1.2668,1.5418,1.403,1.7665,1.2264
2025-03-23,1.616,0.703,1.2704,1.5689,1.4199,1.7834,1.2398
2025-03-30,1.5812,0.703,1.2532,1.5453,1.4051,1.7385,1.206
2025-04-06,1.5365,0.703,1.2356,1.5049,1.37,1.7111,1.189
2025-04-13,1.4433,0.703,1.1089,1.3853,1.2996,1.5702,1.0902
2025-04-20,1.4145,0.703,1.0757,1.3856,1.3073,1.5909,1.0827
2025-04-27,1.4563,0.703,1.071,1.4138,1.3214,1.6233,1.1094
2025-05-04,1.476,0.703,1.0631,1.42,1.3894,1.6792,1.1605
2025-05-11,1.532,0.703,1.0905,1.4492,1.4021,1.7107,1.1676
2025-05-18,1.6018,0.703,1.1162,1.513,1.4884,1.7839,1.2194
2025-05-25,1.614,0.703,1.1167,1.5204,1.4451,1.781,1.2087
2025-06-01,1.5935,0.703,1.1092,1.4964,1.4384,1.7636,1.1917
2025-06-08,1.6028,0.703,1.1335,1.4977,1.4536,1.7831,1.2092
2025-06-15,1.681,0.7154,1.165,1.5392,1.5164,1.8174,1.2322
2025-06-22,1.6603,0.7083,1.1397,1.5238,1.4884,1.791,1.2307
2025-06-29,1.6827,0.7083,1.1678,1.53,1.5046,1.8418,1.2605
2025-07-06,1.69,0.7139,1.1876,1.5362,1.51,1.8614,1.2587
2025-07-13,1.7444,0.7375,1.2229,1.5666,1.5435,1.8831,1.2701
2025-07-20,1.8045,0.7714,1.2635,1.6055,1.5625,1.9297,1.3054
2025-07-27,1.7858,0.7646,1.2657,1.5944,1.5371,1.932,1.3043
2025-08-03,1.857,0.8175,1.315,1.6298,1.5482,1.9634,1.3143
2025-08-10,1.9633,0.8993,1.3454,1.7037,1.6067,2.0031,1.341
2025-08-17,2.0141,0.9427,1.3836,1.7339,1.6357,2.0368,1.3585
2025-08-24,1.9071,0.8775,1.3311,1.6747,1.6029,1.9916,1.3267
2025-08-31,1.9696,0.8986,1.3432,1.6924,1.5935,2.011,1.3528
2025-09-07,1.9788,0.8965,1.3098,1.6982,1.6091,2.0214,1.3674
2025-09-14,2.0971,0.9928,1.3926,1.7717,1.6923,2.0872,1.4221
2025-09-21,2.0963,0.9756,1.399,1.7828,1.7415,2.1007,1.4279
2025-09-28,2.0279,0.933,1.3811,1.7529,1.7276,2.0743,1.428
2025-10-05,2.1698,1.0307,1.4268,1.8122,1.8196,2.1277,1.4939
2025-10-12,2.1733,1.0361,1.4315,1.8444,1.8294,2.1605,1.5241
2025-10-19,2.1493,1.0118,1.4209,1.8314,1.8226,2.1466,1.5242
2025-10-26,2.2145,1.0294,1.4574,1.8695,1.8535,2.1827,1.537
2025-11-02,2.3742,1.0775,1.5036,1.9211,1.844,2.2208,1.5761
2025-11-09,2.3092,1.0298,1.4497,1.8937,1.8273,2.1899,1.5436
2025-11-16,2.3358,1.0148,1.4756,1.9079,1.8225,2.1987,1.5295
2025-11-23,2.2309,0.9755,1.4147,1.8377,1.7788,2.1301,1.4757
2025-11-30,2.3613,0.9755,1.4334,1.912,1.8224,2.2188,1.5423
2025-12-07,2.3928,1.0076,1.4685,1.941,1.8708,2.2462,1.562
2025-12-14,2.4112,1.0133,1.4821,1.9611,1.8777,2.2524,1.5742
2025-12-21,2.4112,0.9465,1.5111,1.9605,1.8879,2.2589,1.5462
2025-12-28,2.4478,0.9615,1.5182,1.9784,1.8658,2.282,1.5941
2026-01-04,2.4542,0.946,1.4961,1.9887,1.9003,2.2961,1.6385
2026-01-11,2.4912,0.9541,1.4728,2.0184,1.9058,2.3185,1.6909
2026-01-18,2.6001,0.9736,1.5243,2.0875,1.9267,2.3753,1.7534
2026-01-25,2.6791,1.0022,1.5661,2.1273,1.9088,2.4043,1.7843
2026-02-01,2.6724,0.9624,1.579,2.1175,1.8782,2.392,1.79
2026-02-08,2.667,0.9494,1.5291,2.1125,1.9034,2.3864,1.7743
2026-02-15,2.8355,1.0165,1.6191,2.2179,1.9214,2.4795,1.876
2026-02-22,,,,,,,
2026-03-01,3.0949,1.156,1.7119,2.391,1.9806,2.6325,1.977
2026-03-08,2.95,1.1109,1.6618,2.2915,1.9271,2.5391,1.8757
2026-03-15,2.9591,1.165,1.6701,2.2925,1.9248,2.5448,1.8646
2026-03-22,3.0086,1.2321,1.7047,2.3095,1.9357,2.5726,1.8726
2026-03-29,3.0126,1.2431,1.7103,2.2909,1.916,2.5573,1.8485
2026-04-05,2.9574,1.1354,1.6138,2.2574,1.8962,2.5169,1.8184
2026-04-12,3.2469,1.165,1.6813,2.4212,1.9448,2.6692,1.9772
2026-04-19,3.4787,1.2665,1.7792,2.5628,1.9881,2.8107,2.0546
2026-04-26,3.6218,1.365,1.821,2.628,2.0036,2.8709,2.1734
2026-05-03,3.7179,1.4408,1.8246,2.6701,2.003,2.8885,2.1731
2026-05-10,3.9863,1.4734,2.0178,2.8458,2.1135,3.0873,2.3225
2026-05-17,3.9707,1.4854,2.0243,2.832,2.0523,3.0586,2.2985
2026-05-24,4.2017,1.6385,2.0856,2.9441,2.0017,3.1461,2.3596
2026-05-31,4.54,1.7892,2.2088,3.0952,2.0476,3.2987,2.4972
2026-06-07,4.6787,1.7333,2.3412,3.2388,2.1815,3.4625,2.5161
2026-06-14,4.618,1.7098,2.3349,3.2012,2.223,3.4385,2.4657
2026-06-21,4.9543,1.9085,2.5031,3.4005,2.2674,3.629,2.5939
2026-06-28,4.7436,1.8791,2.4428,3.2798,2.1347,3.5099,2.4882
2026-07-05,5.068,2.0996,2.5093,3.4753,2.2467,3.7003,2.6115
2026-07-12,4.8957,1.9384,2.4858,3.3804,2.2342,3.6148,2.5319
2026-07-19,4.6759,1.8868,2.5051,3.2823,2.2591,3.5293,2.3808
2026-07-26,4.7059,1.8055,2.5549,3.4001,2.4439,3.6551,2.4356
2026-08-02,4.6085,1.8055,2.5808,3.3545,2.3821,3.6101,2.4058
2026-08-09,4.8558,1.8055,2.5602,3.4903,2.4517,3.7559,2.4675
2026-08-16,5.1206,1.9977,2.7021,3.6547,2.5775,3.9255,2.5559
2026-08-23,4.9788,1.9204,2.6566,3.5966,2.5029,3.8725,2.5232
2026-08-30,5.1736,1.8984,2.8107,3.6881,2.5278,3.9678,2.5651
